"iWine","Type","Color","Category","Size","Currency","Value","Price","TotalQuantity","Quantity","Pending","Vintage","Wine","Locale","Producer","Varietal","MasterVarietal","Designation","Vineyard","Country","Region","SubRegion","Appellation","BeginConsume","EndConsume","WindowSource","LikeVotes","LikePercent","LikeIt","PNotes","PScore","CNotes","CScore","WA","WAWeb","IWC","IWCWeb","WS","WSWeb","WE","WEWeb","BR","BRWeb","GV","GVWeb","LF","LFWeb","LD","LDWeb","SJ","SJWeb","GA","GAWeb","WWR","WWRWeb","TT","TTWeb","FP","FPWeb"
"2441414","Red","Red","Dry","750ml","SEK","130","130","1","1","0","2014","Agricola Punica Montessu Isola dei Nuraghi IGT","Italy, Sardinia, Isola dei Nuraghi IGT","Agricola Punica","Carignan Blend","Carignan","Montessu","Unknown","Italy","Sardinia","Unknown","Isola dei Nuraghi IGT","9999","9999","Community Average","23","0,956521739130435","","","","50","","","","","","","","","","","","","","","","","","","","","","","","","","",""
"5393945","White","White","Dry","750ml","SEK","300","300","1","1","0","2023","Ailala Ribeiro Ailalelo Godello de Altura","Spain, Galicia, Ribeiro","Ailala","Godello","Godello","Ailalelo Godello de Altura","Unknown","Spain","Galicia","Unknown","Ribeiro","9999","9999","none","0","","","","","0","","","","","","","","","","","","","","","","","","","","","","","","","","",""
"3641530","White","White","Dry","750ml","SEK","185","185","1","1","0","2019","Albamar Rías Baixas","Spain, Galicia, Rías Baixas","Albamar","Albariño","Albariño","Unknown","Unknown","Spain","Galicia","Unknown","Rías Baixas","9999","9999","Community Average","15","0,933333333333333","","","","30","","","","","","","","","","","","","","","","","","","","","","","","","","",""
"5676133","Red","Red","Dry","750ml","SEK","209","209","1","1","0","2023","Alberto Orte Vara Y Pulgar","Spain, Andalucía","Alberto Orte","Tintilla de Rota","Graciano","Vara Y Pulgar","Unknown","Spain","Andalucía","Unknown","Unknown","9999","9999","Community Average","3","1","","","","1","","","","","","","","","","","","","","","","","","","","","","","","","","",""
"3507845","Red","Red","Dry","750ml","SEK","319","319","1","1","0","2011","Alfa Crux Corte Uco","Argentina, Mendoza, Valle de Uco","Alfa Crux","Red Blend","Red Blend","Corte Uco","Unknown","Argentina","Mendoza","Valle de Uco","Unknown","9999","9999","Community Average","11","1","","","","11","","","","","","","","","","","","","","","","","","","","","","","","","","",""
"5395120","White","White","Dry","750ml","SEK","349","349","1","1","0","2024","Alheit Vineyards Cartology Bushvines","South Africa, Western Cape","Alheit Vineyards","Chenin Blanc","Chenin Blanc","Cartology Bushvines","Unknown","South Africa","Western Cape","Unknown","Unknown","9999","9999","Community Average","17","1","","","","9","","","","","","","","","","","","","","","","","","","","","","","","","","",""
"3236908","White - Sparkling","White","Sparkling","750ml","SEK","0","0","1","1","0","1001","Andiamo Prosecco","Italy, Veneto / Friuli-Venezia Giulia, Prosecco","Andiamo","Glera","Glera","Unknown","Unknown","Italy","Veneto / Friuli-Venezia Giulia","Unknown","Prosecco","9999","9999","none","0","","","","","0","","","","","","","","","","","","","","","","","","","","","","","","","","",""
"3051596","Red","Red","Dry","750ml","SEK","900","900","1","1","0","2017","Domaine Marquis d'Angerville Volnay 1er Cru Les Fremiets","France, Burgundy, Côte de Beaune, Volnay 1er Cru","Domaine Marquis d'Angerville","Pinot Noir","Pinot Noir","Unknown","Les Fremiets","France","Burgundy","Côte de Beaune","Volnay 1er Cru","9999","9999","Community Average","13","1","","","","33","","","","","","","","","","","","","","","","","","","","","","","","","","",""
"4475702","Red","Red","Dry","750ml","SEK","151","151","1","1","0","2020","Château D'Anglès Coteaux du Languedoc La Clape Classique","France, Languedoc Roussillon, Languedoc, Coteaux du Languedoc La Clape","Château D'Anglès","Syrah Blend","Syrah","Classique","Unknown","France","Languedoc Roussillon","Languedoc","Coteaux du Languedoc La Clape","9999","9999","Community Average","2","1","","","","3","","","","","","","","","","","","","","","","","","","","","","","","","","",""
"4945051","White","White","Dry","750ml","SEK","199","199","1","1","0","2023","Anselmo Mendes Alvarinho Contacto","Portugal, Minho, Vinho Verde","Anselmo Mendes","Alvarinho","Albariño","Contacto","Unknown","Portugal","Minho","Unknown","Vinho Verde","9999","9999","Community Average","19","1","","","","22","","","","","","","","","","","","","","","","","","","","","","","","","","",""
"3969788","Red","Red","Dry","750ml","SEK","259","259","1","1","0","2019","Bodegas y Vinedos Artuke Rioja Finca de los locos","Spain, La Rioja, La Rioja Alavesa, Rioja","Bodegas y Vinedos Artuke","Tempranillo Blend","Tempranillo","Finca de los locos","Unknown","Spain","La Rioja","La Rioja Alavesa","Rioja","9999","9999","Community Average","2","1","","","","3","","","","","","","","","","","","","","","","","","","","","","","","","","",""
"1588102","White - Fortified","White","Fortified","750ml","SEK","0","0","1","1","0","2003","Bacalhoa Moscatel de Setúbal","Portugal, Península de Setúbal, Moscatel de Setúbal","Bacalhoa","Moscatel","Muscat","Unknown","Unknown","Portugal","Península de Setúbal","Unknown","Moscatel de Setúbal","9999","9999","Community Average","1","1","","","","4","","","","","","","","","","","","","","","","","","","","","","","","","","",""
"4856930","Red","Red","Dry","750ml","SEK","319","319","2","2","0","2022","Badenhorst Family Wines Cinsault Ramnasgras","South Africa, Coastal Region, Swartland","Badenhorst Family Wines","Cinsault","Cinsaut","Unknown","Ramnasgras","South Africa","Coastal Region","Swartland","Unknown","9999","9999","Community Average","1","1","","","","3","","","","","","","","","","","","","","","","","","","","","","","","","","",""
"4990789","White","White","Dry","750ml","SEK","169","169","2","2","0","2023","Badenhorst Family Wines Secateurs Riviera","South Africa, Coastal Region, Swartland","Badenhorst Family Wines","White Blend","White Blend","Secateurs Riviera","Unknown","South Africa","Coastal Region","Swartland","Unknown","9999","9999","Community Average","5","1","","","","2","","","","","","","","","","","","","","","","","","","","","","","","","","",""
"3984249","White","White","Dry","750ml","SEK","249","249","2","2","0","2020","Baettig Chardonnay Los Parientes","Chile, Malleco Valley, Traiguen","Baettig","Chardonnay","Chardonnay","Unknown","Los Parientes","Chile","Malleco Valley","Unknown","Traiguen","9999","9999","Community Average","8","1","","","","11","","","","","","","","","","","","","","","","","","","","","","","","","","",""
"3836733","Red","Red","Dry","750ml","SEK","299","299","1","1","0","2018","Bodegas Baigorri Rioja Reserva","Spain, La Rioja, La Rioja Alavesa, Rioja","Bodegas Baigorri","Tempranillo","Tempranillo","Reserva","Unknown","Spain","La Rioja","La Rioja Alavesa","Rioja","9999","9999","Community Average","8","1","","","","6","","","","","","","","","","","","","","","","","","","","","","","","","","",""
"2454736","Red","Red","Dry","750ml","SEK","450","450","2","2","0","2015","Franck Balthazar Cornas Chaillot","France, Rhône, Northern Rhône, Cornas","Franck Balthazar","Syrah","Syrah","Unknown","Chaillot","France","Rhône","Northern Rhône","Cornas","9999","9999","Community Average","18","1","","","","41","","","","","","","","","","","","","","","","","","","","","","","","","","",""
"2454737","Red","Red","Dry","750ml","SEK","450","450","2","2","0","2015","Franck Balthazar Cornas Cuvée Casimir Balthazar","France, Rhône, Northern Rhône, Cornas","Franck Balthazar","Syrah","Syrah","Cuvée Casimir Balthazar","Unknown","France","Rhône","Northern Rhône","Cornas","9999","9999","Community Average","6","1","","","","12","","","","","","","","","","","","","","","","","","","","","","","","","","",""
"2954823","Red","Red","Dry","750ml","SEK","349","349","1","1","0","2014","Luigi Baudana Barolo Cerretta","Italy, Piedmont, Langhe, Barolo","Luigi Baudana","Nebbiolo","Nebbiolo","Unknown","Cerretta","Italy","Piedmont","Langhe","Barolo","9999","9999","Community Average","1","1","","","","8","","","","","","","","","","","","","","","","","","","","","","","","","","",""
"2377924","Red","Red","Dry","750ml","SEK","0","0","1","1","0","2012","Luigi Baudana Barolo Serralunga d'Alba","Italy, Piedmont, Langhe, Barolo","Luigi Baudana","Nebbiolo","Nebbiolo","Unknown","Serralunga d'Alba","Italy","Piedmont","Langhe","Barolo","9999","9999","Community Average","8","1","","","","14","","","","","","","","","","","","","","","","","","","","","","","","","","",""
"2575137","White - Sweet/Dessert","White","Sweet/Dessert","750ml","SEK","0","0","1","1","0","2014","Château Baulac Dodijos","France, Bordeaux, Sauternais, Sauternes","Château Baulac Dodijos","Sémillon-Sauvignon Blanc Blend","Sémillon-Sauvignon Blanc Blend","Unknown","Unknown","France","Bordeaux","Sauternais","Sauternes","9999","9999","Community Average","1","1","","","","2","","","","","","","","","","","","","","","","","","","","","","","","","","",""
"3637507","White","White","Dry","750ml","SEK","0","0","1","1","0","2019","Bernhard Mehrlein Riesling Calles Riesling","Germany, Rheingau","Bernhard Mehrlein","Riesling","Riesling","Calles Riesling","Unknown","Germany","Rheingau","Unknown","Unknown","9999","9999","Community Average","1","1","","","","2","","","","","","","","","","","","","","","","","","","","","","","","","","",""
"4430937","White","White","Dry","750ml","SEK","249","249","2","2","0","2022","Bloody Hill Villages Chardonnay","Australia, Victoria, Port Phillip, Yarra Valley","Bloody Hill Villages","Chardonnay","Chardonnay","Unknown","Unknown","Australia","Victoria","Port Phillip","Yarra Valley","9999","9999","Community Average","0","","","","","1","","","","","","","","","","","","","","","","","","","","","","","","","","",""
"4502371","Red","Red","Dry","750ml","SEK","279","279","1","1","0","2022","Bloody Hill Villages Coldstream Cabernet","Australia, Victoria, Port Phillip, Yarra Valley","Bloody Hill Villages","Red Bordeaux Blend","Red Bordeaux Blend","Coldstream Cabernet","Unknown","Australia","Victoria","Port Phillip","Yarra Valley","9999","9999","Community Average","1","1","","","","4","","","","","","","","","","","","","","","","","","","","","","","","","","",""
"5468549","Red","Red","Dry","750ml","SEK","299","299","2","2","0","2024","Bloody Hill Villages Pinot Noir Panton Hill","Australia, Victoria, Port Phillip, Yarra Valley","Bloody Hill Villages","Pinot Noir","Pinot Noir","Panton Hill","Unknown","Australia","Victoria","Port Phillip","Yarra Valley","9999","9999","Community Average","1","1","","","","1","","","","","","","","","","","","","","","","","","","","","","","","","","",""
"4533368","White","White","Dry","750ml","SEK","299","299","2","2","0","2020","Boekenhoutskloof Sémillon","South Africa, Coastal Region, Franschhoek Valley","Boekenhoutskloof","Sémillon","Sémillon","Unknown","Unknown","South Africa","Coastal Region","Franschhoek Valley","Unknown","9999","9999","Community Average","10","1","","","","22","","","","","","","","","","","","","","","","","","","","","","","","","","",""
"5521704","Red","Red","Dry","750ml","SEK","199","199","3","3","0","2024","Boschkloof Syrah","South Africa, Coastal Region, Stellenbosch","Boschkloof","Syrah","Syrah","Unknown","Unknown","South Africa","Coastal Region","Stellenbosch","Stellenbosch","9999","9999","Community Average","1","1","","","","1","","","","","","","","","","","","","","","","","","","","","","","","","","",""
"5166988","Red","Red","Dry","750ml","SEK","599","599","1","1","0","2023","Boschkloof Syrah Epilogue","South Africa, Coastal Region, Stellenbosch","Boschkloof","Syrah","Syrah","Epilogue","Unknown","South Africa","Coastal Region","Stellenbosch","Stellenbosch","9999","9999","Community Average","0","","","","","2","","","","","","","","","","","","","","","","","","","","","","","","","","",""
"2404599","Red","Red","Dry","750ml","SEK","229","229","1","1","0","2014","Domaine Boucabeille Côtes du Roussillon Villages Les Orris","France, Languedoc Roussillon, Roussillon, Côtes du Roussillon Villages","Domaine Boucabeille","Red Rhone Blend","Red Rhone Blend","Les Orris","Unknown","France","Languedoc Roussillon","Roussillon","Côtes du Roussillon Villages","9999","9999","Community Average","3","1","","","","7","","","","","","","","","","","","","","","","","","","","","","","","","","",""
"3569398","Red - Sparkling","Red","Sparkling","375ml","SEK","99","99","1","1","0","2019","Braida (Giacomo Bologna) Brachetto d'Acqui","Italy, Piedmont, Brachetto d'Acqui DOCG","Braida (Giacomo Bologna)","Brachetto","Brachetto","Unknown","Unknown","Italy","Piedmont","Unknown","Brachetto d'Acqui DOCG","9999","9999","Community Average","3","1","","","","7","","","","","","","","","","","","","","","","","","","","","","","","","","",""
"1765646","Red - Sparkling","Red","Sparkling","750ml","SEK","0","0","1","1","0","2013","Braida (Giacomo Bologna) Brachetto d'Acqui","Italy, Piedmont, Brachetto d'Acqui DOCG","Braida (Giacomo Bologna)","Brachetto","Brachetto","Unknown","Unknown","Italy","Piedmont","Unknown","Brachetto d'Acqui DOCG","9999","9999","Community Average","2","1","","","","9","","","","","","","","","","","","","","","","","","","","","","","","","","",""
"4671207","Rosé","Rosé","Dry","750ml","SEK","0","0","1","1","0","2022","Brancaia Rosé Toscana IGT","Italy, Tuscany, Toscana IGT","Brancaia","Merlot","Merlot","Rosé","Unknown","Italy","Tuscany","Unknown","Toscana IGT","9999","9999","Community Average","2","1","","","","6","","","","","","","","","","","","","","","","","","","","","","","","","","",""
"4867967","White","White","Dry","750ml","SEK","0","0","1","1","0","2022","Bread & Butter Chardonnay California","USA, California","Bread & Butter","Chardonnay","Chardonnay","Unknown","Unknown","USA","California","Unknown","California","9999","9999","Community Average","20","0,8","","","","20","","","","","","","","","","","","","","","","","","","","","","","","","","",""
"5016666","White","White","Dry","750ml","SEK","0","0","1","1","0","2023","Georg Breuer Riesling Sauvage","Germany, Rheingau","Georg Breuer","Riesling","Riesling","Sauvage","Unknown","Germany","Rheingau","Unknown","Unknown","9999","9999","Community Average","4","1","","","","12","","","","","","","","","","","","","","","","","","","","","","","","","","",""
"4622145","White","White","Dry","750ml","SEK","199","199","1","1","0","2022","Jean-Marc Brocard Chablis Domaine Sainte Claire","France, Burgundy, Chablis","Jean-Marc Brocard","Chardonnay","Chardonnay","Domaine Sainte Claire","Unknown","France","Burgundy","Chablis","Chablis","9999","9999","Community Average","26","1","","","","35","","","","","","","","","","","","","","","","","","","","","","","","","","",""
"3273791","Red","Red","Dry","750ml","SEK","249","249","1","1","0","2014","C.V.N.E. (Compañía Vinícola del Norte de España) Rioja Viña Real Gran Reserva","Spain, La Rioja, La Rioja Alta, Rioja","C.V.N.E. (Compañía Vinícola del Norte de España)","Tempranillo","Tempranillo","Viña Real Gran Reserva","Unknown","Spain","La Rioja","La Rioja Alta","Rioja","9999","9999","Community Average","15","0,933333333333333","","","","33","","","","","","","","","","","","","","","","","","","","","","","","","","",""
"5212890","White","White","Dry","750ml","SEK","279","279","2","2","0","2023","Bodega Catena Zapata Chardonnay Catena Alta Historic Rows","Argentina, Mendoza","Bodega Catena Zapata","Chardonnay","Chardonnay","Catena Alta Historic Rows","Unknown","Argentina","Mendoza","Unknown","Unknown","9999","9999","Community Average","4","1","","","","2","","","","","","","","","","","","","","","","","","","","","","","","","","",""
"5363546","Red","Red","Dry","750ml","SEK","179","179","1","1","0","2023","Bodega Catena Zapata Malbec Paraje Altamira","Argentina, Mendoza, Valle de Uco, Altamira","Bodega Catena Zapata","Malbec","Malbec","Unknown","Paraje Altamira","Argentina","Mendoza","Valle de Uco","Altamira","9999","9999","Community Average","11","0,818181818181818","","","","4","","","","","","","","","","","","","","","","","","","","","","","","","","",""
"5708625","White","White","Dry","750ml","SEK","320","320","3","3","0","2024","Cesar Marquez Godello Bierzo La Salvación","Spain, Castilla y León, Bierzo","Cesar Marquez","Godello","Godello","La Salvación","Unknown","Spain","Castilla y León","Unknown","Bierzo","9999","9999","Community Average","0","","","","","0","","","","","","","","","","","","","","","","","","","","","","","","","","",""
"3615021","Red","Red","Dry","750ml","SEK","239","239","1","1","0","2019","Bodega Chacra Pinot Noir Barda","Argentina, Patagonia, Río Negro","Bodega Chacra","Pinot Noir","Pinot Noir","Barda","Unknown","Argentina","Patagonia","Río Negro","Río Negro","9999","9999","Community Average","39","0,974358974358974","","","","64","","","","","","","","","","","","","","","","","","","","","","","","","","",""
"3744716","Red","Red","Dry","750ml","SEK","149","149","1","1","0","2018","Chiara Condello Sangiovese","Italy, Emilia-Romagna, Romagna","Chiara Condello","Sangiovese","Sangiovese","Unknown","Unknown","Italy","Emilia-Romagna","Unknown","Romagna","9999","9999","Community Average","28","0,928571428571429","","","","45","","","","","","","","","","","","","","","","","","","","","","","","","","",""
"5487376","Red","Red","Dry","750ml","SEK","199","199","1","1","0","2024","Ciacci Piccolomini d'Aragona 385 Toscana IGT","Italy, Tuscany, Toscana IGT","Ciacci Piccolomini d'Aragona","Sangiovese Blend","Sangiovese","385","Unknown","Italy","Tuscany","Unknown","Toscana IGT","9999","9999","Community Average","1","1","","","","0","","","","","","","","","","","","","","","","","","","","","","","","","","",""
"4481319","Red","Red","Dry","750ml","SEK","499","499","2","2","0","2018","Ciacci Piccolomini d'Aragona Brunello di Montalcino Pianrosso","Italy, Tuscany, Montalcino, Brunello di Montalcino","Ciacci Piccolomini d'Aragona","Sangiovese","Sangiovese","Unknown","Pianrosso","Italy","Tuscany","Montalcino","Brunello di Montalcino","9999","9999","Community Average","33","1","","","","43","","","","","","","","","","","","","","","","","","","","","","","","","","",""
"2542701","Red","Red","Dry","750ml","SEK","0","0","1","1","0","2013","Le Clos d'un Jour Cahors Un Jour","France, Southwest France, Cahors","Le Clos d'un Jour","Malbec","Malbec","Un Jour","Unknown","France","Southwest France","Unknown","Cahors","9999","9999","Community Average","2","1","","","","5","","","","","","","","","","","","","","","","","","","","","","","","","","",""
"2734140","Red","Red","Dry","750ml","SEK","299","299","2","2","0","2015","Clos I Terrasses Priorat Laurel","Spain, Catalunya, Priorat","Clos I Terrasses","Grenache Blend","Grenache","Laurel","Unknown","Spain","Catalunya","Unknown","Priorat","9999","9999","Community Average","26","1","","","","62","","","","","","","","","","","","","","","","","","","","","","","","","","",""
"2110434","Red","Red","Dry","750ml","SEK","0","0","1","1","0","2004","Clos Saint Joseph Côtes de Provence Rouge","France, Provence, Côtes de Provence","Clos Saint Joseph","Red Rhone Blend","Red Rhone Blend","Rouge","Unknown","France","Provence","Unknown","Côtes de Provence","9999","9999","Community Average","0","","","","","0","","","","","","","","","","","","","","","","","","","","","","","","","","",""
"5038212","White - Sparkling","White","Sparkling","750ml","SEK","0","0","1","1","0","1001","André Clouet Champagne Bouzy Grande Réserve Brut","France, Champagne","André Clouet","Champagne Blend","Champagne Blend","Bouzy Grande Réserve Brut","Unknown","France","Champagne","Unknown","Champagne","9999","9999","Community Average","6","0,833333333333333","","","","11","","","","","","","","","","","","","","","","","","","","","","","","","","",""
"1059696","White - Sparkling","White","Sparkling","750ml","SEK","0","0","1","1","0","1001","André Clouet Champagne Silver Brut Nature","France, Champagne","André Clouet","Pinot Noir","Pinot Noir","Silver Brut Nature","Unknown","France","Champagne","Unknown","Champagne","9999","9999","Community Average","120","0,958333333333333","","","","235","","","","","","","","","","","","","","","","","","","","","","","","","","",""
"3699061","White","White","Dry","750ml","SEK","199","199","1","1","0","2018","Paul Cluver Chardonnay","South Africa, Cape South Coast, Elgin","Paul Cluver","Chardonnay","Chardonnay","Unknown","Unknown","South Africa","Cape South Coast","Elgin","Unknown","9999","9999","Community Average","13","1","","","","40","","","","","","","","","","","","","","","","","","","","","","","","","","",""
"5559652","Red","Red","Dry","750ml","SEK","199","199","1","1","0","2023","Coca i Fitó Montsant Jade","Spain, Catalunya, Tarragona, Montsant","Coca i Fitó","Grenache Blend","Grenache","Jade","Unknown","Spain","Catalunya","Tarragona","Montsant","9999","9999","Community Average","1","1","","","","0","","","","","","","","","","","","","","","","","","","","","","","","","","",""
"5489500","Red","Red","Dry","750ml","SEK","220","220","2","2","0","2024","Comando G La Bruja","Spain, Madrid, Vinos de Madrid","Comando G","Garnacha","Grenache","La Bruja","Unknown","Spain","Madrid","Unknown","Vinos de Madrid","9999","9999","Community Average","7","0,857142857142857","","","","4","","","","","","","","","","","","","","","","","","","","","","","","","","",""
"3199168","White - Sparkling","White","Sparkling","750ml","SEK","0","0","1","1","0","1001","Comtesse de Neples Champagne Brut","France, Champagne","Comtesse de Neples","Champagne Blend","Champagne Blend","Brut","Unknown","France","Champagne","Unknown","Champagne","9999","9999","Community Average","5","1","","","","10","","","","","","","","","","","","","","","","","","","","","","","","","","",""
"3503290","White","White","Dry","750ml","SEK","235","235","2","2","0","2018","Domaine Cordier Père et Fils Pouilly-Fuissé Vieilles Vignes","France, Burgundy, Mâconnais, Pouilly-Fuissé","Domaine Cordier Père et Fils","Chardonnay","Chardonnay","Vieilles Vignes","Unknown","France","Burgundy","Mâconnais","Pouilly-Fuissé","9999","9999","Community Average","4","1","","","","4","","","","","","","","","","","","","","","","","","","","","","","","","","",""
"4998935","White","White","Dry","750ml","SEK","419","419","1","1","0","2023","Crystallum Chardonnay Clay Shales","South Africa, Cape South Coast, Walker Bay, Hemel-en-Aarde Valley","Crystallum","Chardonnay","Chardonnay","Clay Shales","Unknown","South Africa","Cape South Coast","Walker Bay","Hemel-en-Aarde Valley","9999","9999","Community Average","15","1","","","","21","","","","","","","","","","","","","","","","","","","","","","","","","","",""
"5117191","White","White","Dry","750ml","SEK","219","219","1","1","0","2022","D Mateos Tempranillo Blanco Rioja La Mateo","Spain, La Rioja, Rioja","D Mateos","Tempranillo Blanco","Tempranillo","La Mateo","Unknown","Spain","La Rioja","Unknown","Rioja","9999","9999","Community Average","2","1","","","","2","","","","","","","","","","","","","","","","","","","","","","","","","","",""
"4585296","White","White","Dry","750ml","SEK","199","199","1","1","0","2020","D Mateos Tempranillo Blanco Rioja La Mateo","Spain, La Rioja, Rioja","D Mateos","Tempranillo Blanco","Tempranillo","La Mateo","Unknown","Spain","La Rioja","Unknown","Rioja","9999","9999","Community Average","5","0,8","","","","6","","","","","","","","","","","","","","","","","","","","","","","","","","",""
"5309808","Red","Red","Dry","750ml","SEK","199","199","1","1","0","2023","Dandelion Vineyards Lion's Tooth of McLaren Vale","Australia, South Australia, Fleurieu, McLaren Vale","Dandelion Vineyards","Shiraz Blend","Syrah","Lion's Tooth of McLaren Vale","Unknown","Australia","South Australia","Fleurieu","McLaren Vale","9999","9999","Community Average","0","","","","","2","","","","","","","","","","","","","","","","","","","","","","","","","","",""
"3034918","White","White","Dry","750ml","SEK","339","339","1","1","0","2017","David & Nadia Aristargos","South Africa, Coastal Region, Swartland","David & Nadia","White Rhone Blend","White Rhone Blend","Aristargos","Unknown","South Africa","Coastal Region","Swartland","Unknown","9999","9999","Community Average","8","1","","","","12","","","","","","","","","","","","","","","","","","","","","","","","","","",""
"324965","Red","Red","Dry","750ml","SEK","0","0","1","1","0","2005","Delas Frères Hermitage Marquise de la Tourette","France, Rhône, Northern Rhône, Hermitage","Delas Frères","Syrah","Syrah","Marquise de la Tourette","Unknown","France","Rhône","Northern Rhône","Hermitage","9999","9999","Community Average","13","0,923076923076923","","","","46","","","","","","","","","","","","","","","","","","","","","http://www.garagistewine.com/forum/viewtopic.php?f=3&t=5022","","","","","",""
"114149","Red","Red","Dry","750ml","SEK","200","200","1","1","0","2001","Delas Frères Hermitage Marquise de la Tourette","France, Rhône, Northern Rhône, Hermitage","Delas Frères","Syrah","Syrah","Marquise de la Tourette","Unknown","France","Rhône","Northern Rhône","Hermitage","9999","9999","Community Average","12","1","","","","48","","","","","","","","","","","","","","","","","","","","","","","","","","",""
"789599","White - Sparkling","White","Sparkling","750ml","SEK","0","0","1","1","0","1001","Deregard-Massing Champagne Louis Massing Brut Réserve","France, Champagne","Deregard-Massing","Champagne Blend","Champagne Blend","Louis Massing Brut Réserve","Unknown","France","Champagne","Unknown","Champagne","9999","9999","Community Average","7","0,285714285714286","","","","17","","","","","","","","","","","","","","","","","","","","","","","","","","",""
"5461434","White","White","Dry","750ml","SEK","279","279","2","2","0","2023","Dog Point Vineyard Chardonnay","New Zealand, South Island, Marlborough","Dog Point Vineyard","Chardonnay","Chardonnay","Unknown","Unknown","New Zealand","South Island","Marlborough","Marlborough","9999","9999","Community Average","3","1","","","","5","","","","","","","","","","","","","","","","","","","","","","","","","","",""
"5076745","Red","Red","Dry","750ml","SEK","249","249","2","2","0","2021","Dominio do Bibei Ribeira Sacra Lalama","Spain, Galicia, Ribeira Sacra","Dominio do Bibei","Mencía","Mencía","Lalama","Unknown","Spain","Galicia","Unknown","Ribeira Sacra","9999","9999","Community Average","11","0,909090909090909","","","","12","","","","","","","","","","","","","","","","","","","","","","","","","","",""
"3826699","White","White","Dry","750ml","SEK","195,1232","195,1232","1","1","0","2018","Dominio do Bibei Ribeira Sacra Lapola","Spain, Galicia, Ribeira Sacra","Dominio do Bibei","White Blend","White Blend","Lapola","Unknown","Spain","Galicia","Unknown","Ribeira Sacra","9999","9999","Community Average","3","1","","","","2","","","","","","","","","","","","","","","","","","","","","","","","","","",""
"3602988","White","White","Dry","750ml","SEK","180","180","1","1","0","2017","Dominio do Bibei Ribeira Sacra Lapola","Spain, Galicia, Ribeira Sacra","Dominio do Bibei","White Blend","White Blend","Lapola","Unknown","Spain","Galicia","Unknown","Ribeira Sacra","9999","9999","Community Average","5","1","","","","9","","","","","","","","","","","","","","","","","","","","","","","","","","",""
"4960622","White","White","Dry","750ml","SEK","0","0","1","1","0","2022","Weingut Dörflinger Müllheimer Reggenhag Gutedel trocken","Germany, Baden","Weingut Dörflinger","Gutedel","Chasselas","trocken","Müllheimer Reggenhag","Germany","Baden","Unknown","Unknown","9999","9999","none","0","","","","","0","","","","","","","","","","","","","","","","","","","","","","","","","","",""
"3600632","White","White","Dry","750ml","SEK","319","319","1","1","0","2018","Birgit Eichinger Riesling 1ÖTW Gaisberg","Austria, Niederösterreich, Kamptal","Birgit Eichinger","Riesling","Riesling","1ÖTW","Gaisberg","Austria","Niederösterreich","Kamptal","Unknown","9999","9999","Community Average","4","1","","","","5","","","","","","","","","","","","","","","","","","","","","","","","","","",""
"5312239","White","White","Dry","750ml","SEK","229","229","3","3","0","2023","El Enemigo Chardonnay","Argentina, Mendoza","El Enemigo","Chardonnay","Chardonnay","Unknown","Unknown","Argentina","Mendoza","Unknown","Unknown","9999","9999","Community Average","24","1","","","","19","","","","","","","","","","","","","","","","","","","","","","","","","","",""
"5474112","White","White","Dry","750ml","SEK","299","299","4","4","0","2024","Bodegas El Paraguas El Paraguas Atlántico","Spain, Galicia, Ribeiro","Bodegas El Paraguas","White Blend","White Blend","El Paraguas Atlántico","Unknown","Spain","Galicia","Unknown","Ribeiro","9999","9999","Community Average","0","","","","","1","","","","","","","","","","","","","","","","","","","","","","","","","","",""
"4353115","Red","Red","Dry","750ml","SEK","259","259","1","1","0","2021","Enderle & Moll Pinot Noir Liaison","Germany, Baden","Enderle & Moll","Pinot Noir","Pinot Noir","Liaison","Unknown","Germany","Baden","Unknown","Unknown","9999","9999","Community Average","22","1","","","","29","","","","","","","","","","","","","","","","","","","","","","","","","","",""
"4681296","Red","Red","Dry","750ml","SEK","249","249","1","1","0","2018","Ernesto Ruffo Basaltico","Italy, Veneto, Veneto IGT","Ernesto Ruffo","Corvina Blend","Corvina","Basaltico","Unknown","Italy","Veneto","Unknown","Veneto IGT","9999","9999","Community Average","0","","","","","10","","","","","","","","","","","","","","","","","","","","","","","","","","",""
"637449","White - Sweet/Dessert","White","Sweet/Dessert","375ml","SEK","179","179","1","1","0","2000","Fattoria di Fèlsina Berardenga Vin Santo del Chianti Classico","Italy, Tuscany, Chianti, Vin Santo del Chianti Classico","Fattoria di Fèlsina Berardenga","Trebbiano Blend","Trebbiano","Unknown","Unknown","Italy","Tuscany","Chianti","Vin Santo del Chianti Classico","9999","9999","Community Average","7","1","","","","27","","","","","","","","","","","","","","","","","","","","","","","","","","",""
"3654705","White","White","Dry","750ml","SEK","339","339","2","2","0","2019","Felton Road Chardonnay Bannockburn","New Zealand, South Island, Otago, Bannockburn","Felton Road","Chardonnay","Chardonnay","Unknown","Unknown","New Zealand","South Island","Otago","Bannockburn","9999","9999","Community Average","10","1","","","","15","","","","","","","","","","","","","","","","","","","","","","","","","","",""
"2999098","White","White","Dry","750ml","SEK","315","315","2","2","0","2017","Felton Road Chardonnay Bannockburn","New Zealand, South Island, Otago, Bannockburn","Felton Road","Chardonnay","Chardonnay","Unknown","Unknown","New Zealand","South Island","Otago","Bannockburn","9999","9999","Community Average","9","1","","1","93","16","","","","","","","","","","","","","","","","","","","","","","","","","","",""
"4931391","White - Sparkling","White","Sparkling","750ml","SEK","0","0","1","1","0","1001","Ferdinand Bonnet Champagne Grande Réserve Brut","France, Champagne","Ferdinand Bonnet","Champagne Blend","Champagne Blend","Grande Réserve Brut","Unknown","France","Champagne","Unknown","Champagne","9999","9999","Community Average","2","1","","","","2","","","","","","","","","","","","","","","","","","","","","","","","","","",""
"4050367","White","White","Dry","750ml","SEK","199","199","1","1","0","2016","Domaine Fernand Engel Riesling Silberberg de Rorschwihr Cuvée St. Michel","France, Alsace","Domaine Fernand Engel","Riesling","Riesling","Cuvée St. Michel","Silberberg de Rorschwihr","France","Alsace","Unknown","Alsace","9999","9999","Community Average","0","","","","","3","","","","","","","","","","","","","","","","","","","","","","","","","","",""
"5768205","Red","Red","Dry","750ml","SEK","189","189","1","1","0","2023","Finca Las Moras Gran Syrah","Argentina, San Juan","Finca Las Moras","Syrah","Syrah","Gran Syrah","Unknown","Argentina","San Juan","Unknown","Unknown","9999","9999","Community Average","1","1","","","","1","","","","","","","","","","","","","","","","","","","","","","","","","","",""
"2842612","White","White","Dry","750ml","SEK","0","0","1","1","0","2016","First Drop Chardonnay Mère et Fils","Australia, South Australia, Mount Lofty Ranges, Adelaide Hills","First Drop","Chardonnay","Chardonnay","Mère et Fils","Unknown","Australia","South Australia","Mount Lofty Ranges","Adelaide Hills","9999","9999","Community Average","1","1","","","","3","","","","","","","","","","","","","","","","","","","","","","","","","","",""
"4785929","Red","Red","Dry","750ml","SEK","320","320","1","1","0","2020","Bodega Flechas de Los Andes Gran Corte","Argentina, Mendoza, Valle de Uco, Vista Flores","Bodega Flechas de Los Andes","Malbec Blend","Malbec","Gran Corte","Unknown","Argentina","Mendoza","Valle de Uco","Vista Flores","9999","9999","Community Average","2","1","","","","1","","","","","","","","","","","","","","","","","","","","","","","","","","",""
"3355986","Red","Red","Dry","750ml","SEK","189","189","1","1","0","2017","Bodega Flechas de Los Andes Malbec Gran Malbec","Argentina, Mendoza","Bodega Flechas de Los Andes","Malbec","Malbec","Gran Malbec","Unknown","Argentina","Mendoza","Unknown","Unknown","9999","9999","Community Average","16","1","","","","29","","","","","","","","","","","","","","","","","","","","","","","","","","",""
"3871065","Red","Red","Dry","750ml","SEK","0","0","1","1","0","2019","Jean Foillard Morgon Côte du Py","France, Burgundy, Beaujolais, Morgon","Jean Foillard","Gamay","Gamay","Unknown","Côte du Py","France","Burgundy","Beaujolais","Morgon","9999","9999","Community Average","131","0,961832061068702","","","","266","","","","","","","","","","","","","","","","","","","","","","","","","","",""
"5048717","Red","Red","Dry","750ml","SEK","0","0","1","1","0","2019","Fontanafredda Barolo Riserva Serralunga d'Alba","Italy, Piedmont, Langhe, Barolo","Fontanafredda","Nebbiolo","Nebbiolo","Riserva","Serralunga d'Alba","Italy","Piedmont","Langhe","Barolo","9999","9999","Community Average","2","1","","","","1","","","","","","","","","","","","","","","","","","","","","","","","","","",""
"5302140","White","White","Dry","750ml","SEK","400","400","1","1","0","2024","Ken Forrester Chenin Blanc The FMC","South Africa, Coastal Region, Stellenbosch","Ken Forrester","Chenin Blanc","Chenin Blanc","The FMC","Unknown","South Africa","Coastal Region","Stellenbosch","Stellenbosch","9999","9999","Community Average","4","1","","","","3","","","","","","","","","","","","","","","","","","","","","","","","","","",""
"2765152","Red","Red","Dry","750ml","SEK","379","379","1","1","0","2016","Frank Cornelissen Munjebel","Italy, Sicily, Terre Siciliane","Frank Cornelissen","Nerello Mascalese","Nerello Mascalese","Munjebel","Unknown","Italy","Sicily","Unknown","Terre Siciliane","9999","9999","Community Average","15","0,933333333333333","","","","35","","","","","","","","","","","","","","","","","","","","","","","","","","",""
"4384090","Red","Red","Dry","750ml","SEK","319","319","2","2","0","2020","Gabrielskloof Syrah On Shale","South Africa, Cape South Coast, Walker Bay, Bot River","Gabrielskloof","Syrah","Syrah","On Shale","Unknown","South Africa","Cape South Coast","Walker Bay","Bot River","9999","9999","Community Average","1","1","","","","3","","","","","","","","","","","","","","","","","","","","","","","","","","",""
"4978548","Red","Red","Dry","750ml","SEK","259","259","1","1","0","2023","Gabrielskloof Syrah Whole bunch","South Africa, Cape South Coast, Walker Bay, Bot River","Gabrielskloof","Syrah","Syrah","Whole bunch","Unknown","South Africa","Cape South Coast","Walker Bay","Bot River","9999","9999","Community Average","13","1","","","","13","","","","","","","","","","","","","","","","","","","","","","","","","","",""
"4699058","Red","Red","Dry","750ml","SEK","199","199","1","1","0","2022","Gabrielskloof Syrah Whole bunch","South Africa, Cape South Coast, Walker Bay, Bot River","Gabrielskloof","Syrah","Syrah","Whole bunch","Unknown","South Africa","Cape South Coast","Walker Bay","Bot River","9999","9999","Community Average","8","0,875","","","","9","","","","","","","","","","","","","","","","","","","","","","","","","","",""
"5180462","Red","Red","Dry","750ml","SEK","249","249","2","2","0","2021","Garage Wine Co. Cabernet Franc Lot #122 Las Higueras Vineyard","Chile, Maule Valley","Garage Wine Co.","Cabernet Franc","Cabernet Franc","Lot #122","Las Higueras Vineyard","Chile","Maule Valley","Unknown","Unknown","9999","9999","Community Average","0","","","","","0","","","","","","","","","","","","","","","","","","","","","","","","","","",""
"3517527","Red","Red","Dry","750ml","SEK","0","0","1","1","0","2018","Giacosa Fratelli Langhe Nebbiolo Leunin","Italy, Piedmont, Langhe, Langhe DOC","Giacosa Fratelli","Nebbiolo","Nebbiolo","Leunin","Unknown","Italy","Piedmont","Langhe","Langhe DOC","9999","9999","Community Average","5","1","","","","14","","","","","","","","","","","","","","","","","","","","","","","","","","",""
"4011749","Red","Red","Dry","750ml","SEK","249","249","1","1","0","2019","Bruno Giacosa Nebbiolo d'Alba","Italy, Piedmont, Alba, Nebbiolo d'Alba","Bruno Giacosa","Nebbiolo","Nebbiolo","Unknown","Unknown","Italy","Piedmont","Alba","Nebbiolo d'Alba","9999","9999","Community Average","19","0,894736842105263","","","","38","","","","","","","","","","","","","","","","","","","","","","","","","","",""
"3866215","Red","Red","Dry","750ml","SEK","179","179","1","1","0","2019","Gilles Robin Crozes-Hermitage Papillon","France, Rhône, Northern Rhône, Crozes-Hermitage","Gilles Robin","Syrah","Syrah","Papillon","Unknown","France","Rhône","Northern Rhône","Crozes-Hermitage","9999","9999","Community Average","6","1","","","","10","","","","","","","","","","","","","","","","","","","","","","","","","","",""
"380552","Red","Red","Dry","750ml","SEK","200","200","1","1","0","2006","Gilles Robin Crozes-Hermitage Papillon","France, Rhône, Northern Rhône, Crozes-Hermitage","Gilles Robin","Syrah","Syrah","Papillon","Unknown","France","Rhône","Northern Rhône","Crozes-Hermitage","9999","9999","Community Average","4","1","","","","23","","","","","","","","","","","","","","","","","","","","","","","","","","",""
"464705","Red - Fortified","Red","Fortified","750ml","SEK","0","0","1","1","0","2005","Graham Porto Vintage Quinta dos Malvedos","Portugal, Douro, Porto","Graham","Port Blend","Port Blend","Vintage","Quinta dos Malvedos","Portugal","Douro","Unknown","Porto","9999","9999","Community Average","5","0,8","","","","26","","","","","","","","","","","","","","","","","","","","","","","","","","",""
"5154980","Red","Red","Dry","750ml","SEK","369","369","1","1","0","2022","Alain Graillot Crozes-Hermitage","France, Rhône, Northern Rhône, Crozes-Hermitage","Alain Graillot","Syrah","Syrah","Unknown","Unknown","France","Rhône","Northern Rhône","Crozes-Hermitage","9999","9999","Community Average","29","0,96551724137931","","","","32","","","","","","","","","","","","","","","","","","","","","","","","","","",""
"3483315","Red","Red","Dry","750ml","SEK","279","279","2","2","0","2018","Alain Graillot Crozes-Hermitage","France, Rhône, Northern Rhône, Crozes-Hermitage","Alain Graillot","Syrah","Syrah","Unknown","Unknown","France","Rhône","Northern Rhône","Crozes-Hermitage","9999","9999","Community Average","63","0,952380952380952","","","","130","","","","","","","","","","","","","","","","","","","","","","","","","","",""
"3173385","Red","Red","Dry","750ml","SEK","259","259","2","2","0","2017","Alain Graillot Crozes-Hermitage","France, Rhône, Northern Rhône, Crozes-Hermitage","Alain Graillot","Syrah","Syrah","Unknown","Unknown","France","Rhône","Northern Rhône","Crozes-Hermitage","9999","9999","Community Average","55","0,981818181818182","","","","122","","","","","","","","","","","","","","","","","","","","","","","","","","",""
"3773693","Red","Red","Dry","750ml","SEK","232","232","1","1","0","2019","Grattamacco Bolgheri Rosso","Italy, Tuscany, Bolgheri","Grattamacco","SuperTuscan Blend","SuperTuscan Blend","Rosso","Unknown","Italy","Tuscany","Bolgheri","Bolgheri","9999","9999","Community Average","18","1","","","","34","","","","","","","","","","","","","","","","","","","","","","","","","","",""
"2422122","White - Sweet/Dessert","White","Sweet/Dessert","750ml","SEK","0","0","1","1","0","2015","Château Grillon","France, Bordeaux, Sauternais, Sauternes","Château Grillon","Sémillon-Sauvignon Blanc Blend","Sémillon-Sauvignon Blanc Blend","Unknown","Unknown","France","Bordeaux","Sauternais","Sauternes","9999","9999","Community Average","10","1","","","","11","","","","","","","","","","","","","","","","","","","","","","","","","","",""
"5011879","Red","Red","Dry","750ml","SEK","0","0","1","1","0","2020","Giacomo Grimaldi Barolo Ravera","Italy, Piedmont, Langhe, Barolo","Giacomo Grimaldi","Nebbiolo","Nebbiolo","Unknown","Ravera","Italy","Piedmont","Langhe","Barolo","9999","9999","Community Average","1","1","","","","0","","","","","","","","","","","","","","","","","","","","","","","","","","",""
"3773869","Red","Red","Dry","750ml","SEK","249","249","1","1","0","2019","Tenuta Guado al Tasso (Antinori) Bolgheri Il Bruciato","Italy, Tuscany, Bolgheri","Tenuta Guado al Tasso (Antinori)","Red Blend","Red Blend","Il Bruciato","Unknown","Italy","Tuscany","Bolgheri","Bolgheri","9999","9999","Community Average","36","1","","","","57","","","","","","","","","","","","","","","","","","","","","","","","","","",""
"3484957","Red","Red","Dry","750ml","SEK","199","199","1","1","0","2018","Tenuta Guado al Tasso (Antinori) Bolgheri Il Bruciato","Italy, Tuscany, Bolgheri","Tenuta Guado al Tasso (Antinori)","Red Blend","Red Blend","Il Bruciato","Unknown","Italy","Tuscany","Bolgheri","Bolgheri","9999","9999","Community Average","48","0,979166666666667","","","","97","","","","","","","","","","","","","","","","","","","","","","","","","","",""
"3074160","Red","Red","Dry","750ml","SEK","189","189","1","1","0","2016","E. Guigal Crozes-Hermitage","France, Rhône, Northern Rhône, Crozes-Hermitage","E. Guigal","Syrah","Syrah","Unknown","Unknown","France","Rhône","Northern Rhône","Crozes-Hermitage","9999","9999","Community Average","28","0,964285714285714","","","","56","","","","","","","","","","","","","","","","","","","","","","","","","","",""
"3228005","White","White","Dry","750ml","SEK","219","219","1","1","0","2017","E. Guigal Crozes-Hermitage Blanc","France, Rhône, Northern Rhône, Crozes-Hermitage","E. Guigal","White Rhone Blend","White Rhone Blend","Blanc","Unknown","France","Rhône","Northern Rhône","Crozes-Hermitage","9999","9999","Community Average","5","1","","","","7","","","","","","","","","","","","","","","","","","","","","","","","","","",""
"5546075","Red","Red","Dry","750ml","SEK","320","320","4","4","0","2023","Guimaro Ribeira Sacra Finca Meixeman","Spain, Galicia, Ribeira Sacra","Guimaro","Mencía","Mencía","Finca Meixeman","Unknown","Spain","Galicia","Unknown","Ribeira Sacra","9999","9999","Community Average","0","","","","","0","","","","","","","","","","","","","","","","","","","","","","","","","","",""
"5362922","Red","Red","Dry","750ml","SEK","280","280","3","3","0","2021","Guimaro Ribeira Sacra San Pedro","Spain, Galicia, Ribeira Sacra","Guimaro","Mencía","Mencía","San Pedro","Unknown","Spain","Galicia","Unknown","Ribeira Sacra","9999","9999","none","0","","","","","0","","","","","","","","","","","","","","","","","","","","","","","","","","",""
"3675869","White - Off-dry","White","Dry","750ml","SEK","365","365","2","2","0","2019","Fritz Haag Brauneberger Juffer-Sonnenuhr Riesling Auslese","Germany, Mosel Saar Ruwer","Fritz Haag","Riesling","Riesling","Auslese","Brauneberger Juffer-Sonnenuhr","Germany","Mosel Saar Ruwer","Unknown","Unknown","9999","9999","Community Average","16","1","","","","19","","","","","","","","","","","","","","","","","","","","","","","","","","",""
"3902211","Red","Red","Dry","750ml","SEK","0","0","1","1","0","2015","Innocent Bystander Pinot Noir Yarra Valley","Australia, Victoria, Port Phillip, Yarra Valley","Innocent Bystander","Pinot Noir","Pinot Noir","Unknown","Unknown","Australia","Victoria","Port Phillip","Yarra Valley","9999","9999","Community Average","10","0,9","","","","16","","","","","","","","","","","","","","","","","","","","","","","","","","",""
"5164654","Red","Red","Dry","750ml","SEK","299","299","1","1","0","2022","Isole e Olena Chianti Classico","Italy, Tuscany, Chianti, Chianti Classico DOCG","Isole e Olena","Sangiovese Blend","Sangiovese","Unknown","Unknown","Italy","Tuscany","Chianti","Chianti Classico DOCG","9999","9999","Community Average","17","1","","","","12","","","","","","","","","","","","","","","","","","","","","","","","","","",""
"4393025","White","White","Dry","750ml","SEK","299","299","1","1","0","2022","Jim Barry Riesling Lodge Hill","Australia, South Australia, Mount Lofty Ranges, Clare Valley","Jim Barry","Riesling","Riesling","Lodge Hill","Unknown","Australia","South Australia","Mount Lofty Ranges","Clare Valley","9999","9999","Community Average","12","0,916666666666667","","","","12","","","","","","","","","","","","","","","","","","","","","","","","","","",""
"5551084","Rosé - Sparkling","Rosé","Sparkling","750ml","SEK","0","0","1","1","0","1001","Josep Ventosa Cava Brut Rosé","Spain, Cava","Josep Ventosa","Pinot Noir","Pinot Noir","Brut Rosé","Unknown","Spain","Spain","Unknown","Cava","9999","9999","none","1","1","","","","1","","","","","","","","","","","","","","","","","","","","","","","","","","",""
"4784043","Red","Red","Dry","750ml","SEK","299","299","1","1","0","2018","Keermont Syrah","South Africa, Coastal Region, Stellenbosch","Keermont","Syrah","Syrah","Unknown","Unknown","South Africa","Coastal Region","Stellenbosch","Stellenbosch","9999","9999","Community Average","4","1","","","","8","","","","","","","","","","","","","","","","","","","","","","","","","","",""
"2474055","White - Sweet/Dessert","White","Sweet/Dessert","187ml","SEK","149","149","2","2","0","1001","Alois Kracher Trockenbeerenauslese Noble Reserve","Austria, Burgenland, Neusiedlersee","Alois Kracher","White Blend","White Blend","Trockenbeerenauslese Noble Reserve","Unknown","Austria","Burgenland","Neusiedlersee","Unknown","9999","9999","Community Average","30","1","","","","49","","","","","","","","","","","","","","","","","","","","","","","","","","",""
"4158425","White","White","Dry","750ml","SEK","299","299","1","1","0","2020","Kruger-Rumpf Riesling Abtei 1937 Riesling Trocken","Germany, Nahe","Kruger-Rumpf","Riesling","Riesling","Abtei 1937 Riesling Trocken","Unknown","Germany","Nahe","Unknown","Unknown","9999","9999","Community Average","7","1","","","","7","","","","","","","","","","","","","","","","","","","","","","","","","","",""
"4232687","White","White","Dry","750ml","SEK","220","220","1","1","0","2020","Kruger-Rumpf Riesling Zweistrom","Germany, Nahe","Kruger-Rumpf","Riesling","Riesling","Zweistrom","Unknown","Germany","Nahe","Unknown","Unknown","9999","9999","Community Average","4","1","","","","8","","","","","","","","","","","","","","","","","","","","","","","","","","",""
"3392692","White","White","Dry","750ml","SEK","219","219","2","2","0","2018","Kumeu River Chardonnay Estate","New Zealand, North Island, Auckland, Kumeu","Kumeu River","Chardonnay","Chardonnay","Estate","Unknown","New Zealand","North Island","Auckland","Kumeu","9999","9999","Community Average","24","0,958333333333333","","","","52","","","","","","","","","","","","","","","","","","","","","","","","","","",""
"4099602","White","White","Dry","750ml","SEK","299","299","1","1","0","2019","Kutch Chardonnay Sonoma County","USA, California, Sonoma County","Kutch","Chardonnay","Chardonnay","Unknown","Unknown","USA","California","Sonoma County","Sonoma County","9999","9999","Community Average","2","1","","","","6","","","","","","","","","","","","","","","","","","","","","","","","","","",""
"2567221","White - Sparkling","White","Sparkling","750ml","SEK","0","0","1","1","0","1001","Domaine Langlois-Château Crémant de Loire Brut Réserve","France, Loire Valley, Crémant de Loire","Domaine Langlois-Château","White Blend","White Blend","Brut Réserve","Unknown","France","Loire Valley","Unknown","Crémant de Loire","9999","9999","Community Average","43","0,930232558139535","","","","22","","","","","","","","","","","","","","","","","","","","","","","","","","",""
"4364305","White","White","Dry","750ml","SEK","0","0","1","1","0","2021","Domaine Laroche Bourgogne Blanc Barrique Réserve","France, Burgundy, Bourgogne Blanc","Domaine Laroche","Chardonnay","Chardonnay","Barrique Réserve","Unknown","France","Burgundy","Unknown","Bourgogne Blanc","9999","9999","Community Average","0","","","","","0","","","","","","","","","","","","","","","","","","","","","","","","","","",""
"4147822","White","White","Dry","750ml","SEK","329","329","1","1","0","2018","Weingut Josef Leitz Rüdesheimer Berg Kaisersteinfels Riesling Terrassen","Germany, Rheingau","Weingut Josef Leitz","Riesling","Riesling","Terrassen","Rüdesheimer Berg Kaisersteinfels","Germany","Rheingau","Unknown","Unknown","9999","9999","Community Average","2","1","","","","2","","","","","","","","","","","","","","","","","","","","","","","","","","",""
"2297066","White - Sweet/Dessert","White","Sweet/Dessert","750ml","SEK","0","0","1","1","0","2012","Château du Levant","France, Bordeaux, Sauternais, Sauternes","Château du Levant","Sémillon-Sauvignon Blanc Blend","Sémillon-Sauvignon Blanc Blend","Unknown","Unknown","France","Bordeaux","Sauternais","Sauternes","9999","9999","Community Average","1","1","","","","3","","","","","","","","","","","","","","","","","","","","","","","","","","",""
"3795520","White","White","Dry","750ml","SEK","339","339","2","2","0","2019","Dr. Loosen Erdener Treppchen Riesling Großes Gewächs Alte Reben","Germany, Mosel Saar Ruwer","Dr. Loosen","Riesling","Riesling","Großes Gewächs Alte Reben","Erdener Treppchen","Germany","Mosel Saar Ruwer","Unknown","Unknown","9999","9999","Community Average","13","1","","","","31","","","","","","","","","","","","","","","","","","","","","","","","","","",""
"4189587","White","White","Dry","750ml","SEK","329","329","1","1","0","2020","Dr. Loosen Wehlener Sonnenuhr Riesling Alte Reben","Germany, Mosel Saar Ruwer","Dr. Loosen","Riesling","Riesling","Alte Reben","Wehlener Sonnenuhr","Germany","Mosel Saar Ruwer","Unknown","Unknown","9999","9999","Community Average","6","1","","","","15","","","","","","","","","","","","","","","","","","","","","","","","","","",""
"3651262","White","White","Dry","750ml","SEK","319","319","1","1","0","2019","Dr. Loosen Wehlener Sonnenuhr Riesling Alte Reben","Germany, Mosel Saar Ruwer","Dr. Loosen","Riesling","Riesling","Alte Reben","Wehlener Sonnenuhr","Germany","Mosel Saar Ruwer","Unknown","Unknown","9999","9999","Community Average","9","0,888888888888889","","","","23","","","","","","","","","","","","","","","","","","","","","","","","","","",""
"5653234","White","White","Dry","750ml","SEK","199","199","1","1","0","2025","Luna Beberide Godello Bierzo","Spain, Castilla y León, Bierzo","Luna Beberide","Godello","Godello","Unknown","Unknown","Spain","Castilla y León","Unknown","Bierzo","9999","9999","Community Average","0","","","","","0","","","","","","","","","","","","","","","","","","","","","","","","","","",""
"4178808","Rosé","Rosé","Dry","750ml","SEK","109","109","2","2","0","1001","La Maison Grande Cuvée Rosé","France, Vin de France","La Maison","Rosé Blend","Rosé Blend","Grande Cuvée Rosé","Unknown","France","France","Unknown","Vin de France","9999","9999","none","1","1","","","","1","","","","","","","","","","","","","","","","","","","","","","","","","","",""
"1837032","Red","Red","Dry","750ml","SEK","299","299","1","1","0","2011","Massolino Barolo","Italy, Piedmont, Langhe, Barolo","Massolino","Nebbiolo","Nebbiolo","Unknown","Unknown","Italy","Piedmont","Langhe","Barolo","9999","9999","Community Average","40","1","","","","116","","","","","","","","","","","","","","","","","","","","","","","","","","",""
"5558802","Red","Red","Dry","750ml","SEK","429","429","2","2","0","2020","Mastroberardino Taurasi Radici","Italy, Campania, Taurasi DOCG","Mastroberardino","Aglianico","Aglianico","Radici","Unknown","Italy","Campania","Unknown","Taurasi DOCG","9999","9999","Community Average","0","","","","","0","","","","","","","","","","","","","","","","","","","","","","","","","","",""
"4013517","White","White","Dry","750ml","SEK","249","249","1","1","0","2020","Matías Riccitelli Blanco de la Casa","Argentina, Mendoza, Lujan de Cuyo","Matías Riccitelli","Sémillon-Sauvignon Blanc Blend","Sémillon-Sauvignon Blanc Blend","Blanco de la Casa","Unknown","Argentina","Mendoza","Lujan de Cuyo","Unknown","9999","9999","Community Average","0","","","","","0","","","","","","","","","","","","","","","","","","","","","","","","","","",""
"5122806","Red","Red","Dry","750ml","SEK","0","0","1","1","0","2020","MGM Mondo del Vino Barolo Enzo Bartoli","Italy, Piedmont, Langhe, Barolo","MGM Mondo del Vino","Nebbiolo","Nebbiolo","Enzo Bartoli","Unknown","Italy","Piedmont","Langhe","Barolo","9999","9999","Community Average","10","0,9","","","","8","","","","","","","","","","","","","","","","","","","","","","","","","","",""
"4083484","White","White","Dry","750ml","SEK","159","159","1","1","0","2020","Château Mont-Redon Côtes du Rhône Blanc","France, Rhône, Southern Rhône, Côtes du Rhône","Château Mont-Redon","White Rhone Blend","White Rhone Blend","Blanc","Unknown","France","Rhône","Southern Rhône","Côtes du Rhône","9999","9999","Community Average","0","","","","","0","","","","","","","","","","","","","","","","","","","","","","","","","","",""
"4467104","Red","Red","Dry","750ml","SEK","325","325","1","1","0","2021","Château Montus Madiran","France, Southwest France, Madiran","Château Montus","Tannat Blend","Tannat","Unknown","Unknown","France","Southwest France","Unknown","Madiran","9999","9999","Community Average","2","1","","","","3","","","","","","","","","","","","","","","","","","","","","","","","","","",""
"4758684","White","White","Dry","750ml","SEK","499","499","1","1","0","2021","Mount Eden Vineyards Chardonnay Domaine Eden","USA, California, Santa Cruz Mountains","Mount Eden Vineyards","Chardonnay","Chardonnay","Domaine Eden","Unknown","USA","California","Santa Cruz Mountains","Santa Cruz Mountains","9999","9999","Community Average","9","1","","","","5","","","","","","","","","","","","","","","","","","","","","","","","","","",""
"3523917","Non-alcoholic","Other","Other","750ml","SEK","0","0","1","1","0","1001","MRG Wines Richard Juhlin Oddbird Blanc de Blancs","France","MRG Wines","Chardonnay","Chardonnay","Richard Juhlin Oddbird Blanc de Blancs","Unknown","France","France","Unknown","Unknown","9999","9999","Community Average","2","1","","","","3","","","","","","","","","","","","","","","","","","","","","","","","","","",""
"5508358","Red","Red","Dry","750ml","SEK","249","249","1","1","0","2021","Bodegas Muga Rioja Selección Especial","Spain, La Rioja, La Rioja Alta, Rioja","Bodegas Muga","Tempranillo Blend","Tempranillo","Selección Especial","Unknown","Spain","La Rioja","La Rioja Alta","Rioja","9999","9999","Community Average","9","0,888888888888889","","","","6","","","","","","","","","","","","","","","","","","","","","","","","","","",""
"4773809","White","White","Dry","750ml","SEK","349","349","2","2","0","2022","Newton Johnson Chardonnay Family Vineyards","South Africa, Cape South Coast, Walker Bay, Upper Hemel-en-Aarde Valley","Newton Johnson","Chardonnay","Chardonnay","Unknown","Family Vineyards","South Africa","Cape South Coast","Walker Bay","Upper Hemel-en-Aarde Valley","9999","9999","Community Average","14","1","","","","14","","","","","","","","","","","","","","","","","","","","","","","","","","",""
"5189591","White","White","Dry","750ml","SEK","219","219","1","1","0","2023","Newton Johnson Chardonnay Southend","South Africa, Cape South Coast, Walker Bay, Upper Hemel-en-Aarde Valley","Newton Johnson","Chardonnay","Chardonnay","Southend","Unknown","South Africa","Cape South Coast","Walker Bay","Upper Hemel-en-Aarde Valley","9999","9999","Community Average","8","1","","","","11","","","","","","","","","","","","","","","","","","","","","","","","","","",""
"3413898","White - Sparkling","White","Sparkling","750ml","SEK","0","0","1","1","0","1001","Pierre Olivier Vin de France Blanc de Blancs Prestige","France, Vin de France","Pierre Olivier","Champagne Blend","Champagne Blend","Blanc de Blancs Prestige","Unknown","France","France","Unknown","Vin de France","9999","9999","Community Average","3","0,333333333333333","","","","4","","","","","","","","","","","","","","","","","","","","","","","","","","",""
"2464496","Red","Red","Dry","750ml","SEK","470","470","1","1","0","2014","Tenuta dell'Ornellaia Le Serre Nuove","Italy, Tuscany, Bolgheri","Tenuta dell'Ornellaia","Red Bordeaux Blend","Red Bordeaux Blend","Le Serre Nuove","Unknown","Italy","Tuscany","Bolgheri","Bolgheri","9999","9999","Community Average","42","1","","","","87","","","","","","","","","","","","","","","","","","","","","","","","","","",""
"1991361","Red","Red","Dry","750ml","SEK","60","60","3","3","0","2013","Ortas / Cave de Rasteau Rasteau La Domelière","France, Rhône, Southern Rhône, Rasteau","Ortas / Cave de Rasteau","Red Rhone Blend","Red Rhone Blend","La Domelière","Unknown","France","Rhône","Southern Rhône","Rasteau","9999","9999","Community Average","2","0,5","","","","2","","","","","","","","","","","","","","","","","","","","","","","","","","",""
"4546152","White","White","Dry","750ml","SEK","249","249","3","3","0","2021","Verónica Ortega Bierzo Anfora & Barrica","Spain, Castilla y León, Bierzo","Verónica Ortega","Godello","Godello","Anfora & Barrica","Unknown","Spain","Castilla y León","Unknown","Bierzo","9999","9999","Community Average","3","0,666666666666667","","","","5","","","","","","","","","","","","","","","","","","","","","","","","","","",""
"3376021","Red","Red","Dry","750ml","SEK","200","200","3","3","0","2017","Verónica Ortega Bierzo Cobrana","Spain, Castilla y León, Bierzo","Verónica Ortega","Mencía","Mencía","Cobrana","Unknown","Spain","Castilla y León","Unknown","Bierzo","9999","9999","Community Average","3","1","","","","11","","","","","","","","","","","","","","","","","","","","","","","","","","",""
"4012283","White","White","Dry","750ml","SEK","231,9179","231,9179","1","1","0","2019","Verónica Ortega Bierzo VO CAL Vino de Paraje el Garbanzal","Spain, Castilla y León, Bierzo","Verónica Ortega","Godello","Godello","VO CAL Vino de Paraje el Garbanzal","Unknown","Spain","Castilla y León","Unknown","Bierzo","9999","9999","Community Average","1","1","","1","92","2","","","","","","","","","","","","","","","","","","","","","","","","","","",""
"3664998","Red","Red","Dry","750ml","SEK","162,7885","162,7885","1","1","0","2019","Alvaro Palacios Priorat Camins del Priorat","Spain, Catalunya, Priorat","Alvaro Palacios","Grenache Blend","Grenache","Camins del Priorat","Unknown","Spain","Catalunya","Unknown","Priorat","9999","9999","Community Average","45","0,955555555555556","","","","92","","","","","","","","","","","","","","","","","","","","","","","","","","",""
"4324732","Red","Red","Dry","750ml","SEK","225","225","1","1","0","2018","Paracombe Shiraz","Australia, South Australia, Mount Lofty Ranges, Adelaide Hills","Paracombe","Shiraz","Syrah","Unknown","Unknown","Australia","South Australia","Mount Lofty Ranges","Adelaide Hills","9999","9999","Community Average","1","1","","","","1","","","","","","","","","","","","","","","","","","","","","","","","","","",""
"3601641","Red","Red","Dry","750ml","SEK","369","369","1","1","0","2018","Domaine du Pélican Poulsard Arbois","France, Jura, Arbois","Domaine du Pélican","Poulsard","Poulsard","Unknown","Unknown","France","Jura","Unknown","Arbois","9999","9999","Community Average","6","1","","","","15","","","","","","","","","","","","","","","","","","","","","","","","","","",""
"3192440","White","White","Dry","750ml","SEK","240","240","1","1","0","2016","F.X. Pichler Grüner Veltliner Smaragd Dürnsteiner","Austria, Niederösterreich, Wachau","F.X. Pichler","Grüner Veltliner","Grüner Veltliner","Smaragd","Dürnsteiner","Austria","Niederösterreich","Wachau","Unknown","9999","9999","Community Average","2","1","","","","3","","","","","","","","","","","","","","","","","","","","","","","","","","",""
"2403987","White","White","Dry","750ml","SEK","500","500","1","1","0","2015","F.X. Pichler Riesling Reserve 'M'","Austria, Niederösterreich, Wachau","F.X. Pichler","Riesling","Riesling","Reserve","'M'","Austria","Niederösterreich","Wachau","Unknown","9999","9999","Community Average","1","1","","1","90","6","","","","","","","","","","","","","","","","","","","","","","","","","","",""
"3816576","White","White","Dry","750ml","SEK","540","540","2","2","0","2015","F.X. Pichler Riesling Smaragd Ried Kellerberg","Austria, Niederösterreich, Wachau","F.X. Pichler","Riesling","Riesling","Smaragd","Ried Kellerberg","Austria","Niederösterreich","Wachau","Unknown","9999","9999","Community Average","7","0,857142857142857","","","","13","","","","","","","","","","","","","","","","","","","","","","","","","","",""
"3735299","White","White","Dry","750ml","SEK","540","540","1","1","0","2015","F.X. Pichler Riesling Smaragd Ried Steinertal","Austria, Niederösterreich, Wachau","F.X. Pichler","Riesling","Riesling","Smaragd","Ried Steinertal","Austria","Niederösterreich","Wachau","Unknown","9999","9999","Community Average","6","1","","","","12","","","","","","","","","","","","","","","","","","","","","","","","","","",""
"4713118","Red","Red","Dry","750ml","SEK","349","349","1","1","0","2021","Piedrasassi Syrah PS","USA, California, Central Coast","Piedrasassi","Syrah","Syrah","PS","Unknown","USA","California","Central Coast","Central Coast","9999","9999","Community Average","15","0,866666666666667","","","","24","","","","","","","","","","","","","","","","","","","","","","","","","","",""
"3778964","Red","Red","Dry","750ml","SEK","499","499","1","1","0","2016","Bodegas Pintia Toro Pintia","Spain, Castilla y León, Toro","Bodegas Pintia","Tinta de Toro","Tempranillo","Pintia","Unknown","Spain","Castilla y León","Unknown","Toro","9999","9999","Community Average","47","0,978723404255319","","","","69","","","","","","","","","","","","","","","","","","","","","","","","","","",""
"4763275","Red","Red","Dry","750ml","SEK","0","0","1","1","0","2020","Luigi Pira Barolo Serralunga","Italy, Piedmont, Langhe, Barolo","Luigi Pira","Nebbiolo","Nebbiolo","Unknown","Serralunga","Italy","Piedmont","Langhe","Barolo","9999","9999","Community Average","4","0,75","","","","6","","","","","","","","","","","","","","","","","","","","","","","","","","",""
"2789595","White - Sparkling","White","Sparkling","750ml","SEK","0","0","1","1","0","2009","Pol Roger Champagne Vintage Brut","France, Champagne","Pol Roger","Champagne Blend","Champagne Blend","Vintage Brut","Unknown","France","Champagne","Unknown","Champagne","9999","9999","Community Average","72","0,958333333333333","","","","137","","","","","","","","","","","","","","","","","","","","","","","","","","",""
"3766313","Red","Red","Dry","750ml","SEK","189","189","1","1","0","2019","Bodegas Ponce Manchuela PF","Spain, Castilla-La Mancha, Manchuela","Bodegas Ponce","Bobal","Bobal","PF","Unknown","Spain","Castilla-La Mancha","Unknown","Manchuela","9999","9999","Community Average","5","0,6","","","","11","","","","","","","","","","","","","","","","","","","","","","","","","","",""
"5456365","Red","Red","Dry","750ml","SEK","599","599","2","2","0","2023","Porseleinberg Swartland","South Africa, Coastal Region, Swartland","Porseleinberg","Syrah","Syrah","Unknown","Unknown","South Africa","Coastal Region","Swartland","Unknown","9999","9999","Community Average","6","1","","","","11","","","","","","","","","","","","","","","","","","","","","","","","","","",""
"4344587","Red","Red","Dry","750ml","SEK","299","299","1","1","0","2019","Produttori del Barbaresco Barbaresco","Italy, Piedmont, Langhe, Barbaresco","Produttori del Barbaresco","Nebbiolo","Nebbiolo","Unknown","Unknown","Italy","Piedmont","Langhe","Barbaresco","9999","9999","Community Average","177","0,983050847457627","","","","247","","","","","","","","","","","","","","","","","","","","","","","","","","",""
"3963510","Red","Red","Dry","750ml","SEK","359","359","2","2","0","2018","Produttori del Barbaresco Barbaresco","Italy, Piedmont, Langhe, Barbaresco","Produttori del Barbaresco","Nebbiolo","Nebbiolo","Unknown","Unknown","Italy","Piedmont","Langhe","Barbaresco","9999","9999","Community Average","157","0,993630573248408","","","","250","","","","","","","","","","","","","","","","","","","","","","","","","","",""
"2684446","Red","Red","Dry","750ml","SEK","500","500","1","1","0","2013","Produttori del Barbaresco Barbaresco Riserva Pora","Italy, Piedmont, Langhe, Barbaresco","Produttori del Barbaresco","Nebbiolo","Nebbiolo","Riserva","Pora","Italy","Piedmont","Langhe","Barbaresco","9999","9999","Community Average","19","1","","","","48","","","","","","","","","","","","","","","","","","","","","","","","","","",""
"2129392","Red","Red","Dry","750ml","SEK","450","450","4","4","0","2013","Produttori del Barbaresco Barbaresco Riserva Rabajà","Italy, Piedmont, Langhe, Barbaresco","Produttori del Barbaresco","Nebbiolo","Nebbiolo","Riserva","Rabajà","Italy","Piedmont","Langhe","Barbaresco","9999","9999","Community Average","25","0,96","","","","65","","","","","","","","","","","","","","","","","","","","","","","","","","",""
"3694362","White - Off-dry","White","Dry","750ml","SEK","389","389","1","1","0","2019","Joh. Jos. Prüm Wehlener Sonnenuhr Riesling Spätlese","Germany, Mosel Saar Ruwer","Joh. Jos. Prüm","Riesling","Riesling","Spätlese","Wehlener Sonnenuhr","Germany","Mosel Saar Ruwer","Unknown","Unknown","9999","9999","Community Average","14","1","","","","28","","","","","","","","","","","","","","","","","","","","","","","","","","",""
"4700577","Red","Red","Dry","750ml","SEK","349","349","1","1","0","2022","Psi Ribera del Duero","Spain, Castilla y León, Ribera del Duero","Psi","Tempranillo Blend","Tempranillo","Unknown","Unknown","Spain","Castilla y León","Unknown","Ribera del Duero","9999","9999","Community Average","51","0,96078431372549","","","","56","","","","","","","","","","","","","","","","","","","","","","","","","","",""
"4349695","Red","Red","Dry","750ml","SEK","339","339","3","3","0","2021","Psi Ribera del Duero","Spain, Castilla y León, Ribera del Duero","Psi","Tempranillo Blend","Tempranillo","Unknown","Unknown","Spain","Castilla y León","Unknown","Ribera del Duero","9999","9999","Community Average","90","0,966666666666667","","","","156","","","","","","","","","","","","","","","","","","","","","","","","","","",""
"3665226","Red","Red","Dry","750ml","SEK","339","339","1","1","0","2019","Psi Ribera del Duero","Spain, Castilla y León, Ribera del Duero","Psi","Tempranillo Blend","Tempranillo","Unknown","Unknown","Spain","Castilla y León","Unknown","Ribera del Duero","9999","9999","Community Average","69","0,971014492753623","","","","109","","","","","","","","","","","","","","","","","","","","","","","","","","",""
"3321215","Red","Red","Dry","750ml","SEK","279","279","1","1","0","2018","Psi Ribera del Duero","Spain, Castilla y León, Ribera del Duero","Psi","Tempranillo Blend","Tempranillo","Unknown","Unknown","Spain","Castilla y León","Unknown","Ribera del Duero","9999","9999","Community Average","82","0,975609756097561","","1","90","171","","","","","","","","","","","","","","","","","","","","","","","","","","",""
"3627126","Red","Red","Dry","750ml","SEK","199","199","1","1","0","2018","André et Michel Quenard Vin de Savoie Arbin Terres Brunes","France, Savoie, Vin de Savoie Arbin","André et Michel Quenard","Mondeuse","Mondeuse","Terres Brunes","Unknown","France","Savoie","Unknown","Vin de Savoie Arbin","9999","9999","Community Average","3","1","","","","4","","","","","","","","","","","","","","","","","","","","","","","","","","",""
"3346136","White","White","Dry","750ml","SEK","159","159","1","1","0","2018","Quinta de Couselo Rías Baixas Turonia","Spain, Galicia, Rías Baixas","Quinta de Couselo","Albariño","Albariño","Turonia","Unknown","Spain","Galicia","Unknown","Rías Baixas","9999","9999","Community Average","10","1","","","","29","","","","","","","","","","","","","","","","","","","","","","","","","","",""
"5431976","Red","Red","Dry","750ml","SEK","249","249","1","1","0","2024","Rall Cinsault","South Africa, Coastal Region","Rall","Cinsault","Cinsaut","Unknown","Unknown","South Africa","Coastal Region","Unknown","Unknown","9999","9999","Community Average","1","1","","","","1","","","","","","","","","","","","","","","","","","","","","","","","","","",""
"3346701","White","White","Dry","750ml","SEK","299","299","1","1","0","2018","Rall White","South Africa, Coastal Region","Rall","White Blend","White Blend","White","Unknown","South Africa","Coastal Region","Unknown","Unknown","9999","9999","Community Average","7","1","","","","9","","","","","","","","","","","","","","","","","","","","","","","","","","",""
"2605998","Red","Red","Dry","750ml","SEK","299","299","1","1","0","2013","Renato Ratti Barolo Marcenasco","Italy, Piedmont, Langhe, Barolo","Renato Ratti","Nebbiolo","Nebbiolo","Unknown","Marcenasco","Italy","Piedmont","Langhe","Barolo","9999","9999","Community Average","69","0,985507246376812","","","","169","","","","","","","","","","","","","","","","","","","","","","","","","","",""
"3532257","Red","Red","Dry","750ml","SEK","98,7323","98,7323","1","1","0","2018","Raul Pérez Bierzo Ultreia Saint Jacques","Spain, Castilla y León, Bierzo","Raul Pérez","Mencía","Mencía","Ultreia Saint Jacques","Unknown","Spain","Castilla y León","Unknown","Bierzo","9999","9999","Community Average","113","0,938053097345133","","","","218","","","","","","","","","","","","","","","","","","","","","","","","","","",""
"5438746","White","White","Dry","750ml","SEK","200","200","4","4","0","2024","Raul Pérez Godello Bierzo Ultreïa","Spain, Castilla y León, Bierzo","Raul Pérez","Godello","Godello","Ultreïa","Unknown","Spain","Castilla y León","Unknown","Bierzo","9999","9999","Community Average","0","","","","","0","","","","","","","","","","","","","","","","","","","","","","","","","","",""
"2412500","White","White","Dry","750ml","SEK","779","779","1","1","0","2015","François Raveneau Chablis 1er Cru Montée de Tonnerre","France, Burgundy, Chablis, Chablis 1er Cru","François Raveneau","Chardonnay","Chardonnay","Unknown","Montée de Tonnerre","France","Burgundy","Chablis","Chablis 1er Cru","9999","9999","Community Average","23","1","","","","62","","","","","","","","","","","","","","","","","","","","","","","","","","",""
"2341061","White - Sparkling","White","Sparkling","750ml","SEK","0","0","1","1","0","2013","Raventós i Blanc De La Finca","Spain, Catalunya","Raventós i Blanc","Macabeo-Xarello-Parellada Blend","Macabeo-Xarello-Parellada Blend","De La Finca","Unknown","Spain","Catalunya","Unknown","Catalunya","9999","9999","Community Average","8","0,875","","","","13","","","","","","","","","","","","","","","","","","","","","","","","","","",""
"4979435","White","White","Dry","750ml","SEK","331","331","2","2","0","2022","Domaine Rewa Chardonnay","New Zealand, South Island, Otago, Central Otago","Domaine Rewa","Chardonnay","Chardonnay","Unknown","Unknown","New Zealand","South Island","Otago","Central Otago","9999","9999","Community Average","1","1","","","","5","","","","","","","","","","","","","","","","","","","","","","","","","","",""
"4236827","Red","Red","Dry","750ml","SEK","499","499","1","1","0","2020","Ridge Geyserville","USA, California, Sonoma County, Alexander Valley","Ridge","Zinfandel Blend","Zinfandel","Unknown","Geyserville","USA","California","Sonoma County","Alexander Valley","9999","9999","Community Average","83","0,963855421686747","","","","127","","","","","","","","","","","","","","","","","","","","","","","","","","",""
"4197478","Red","Red","Dry","750ml","SEK","0","0","1","1","0","2017","Luigi Righetti Amarone della Valpolicella Classico Villa Righetti","Italy, Veneto, Valpolicella, Amarone della Valpolicella Classico","Luigi Righetti","Corvina Blend","Corvina","Villa Righetti","Unknown","Italy","Veneto","Valpolicella","Amarone della Valpolicella Classico","9999","9999","Community Average","1","1","","","","0","","","","","","","","","","","","","","","","","","","","","","","","","","",""
"5322103","Red","Red","Dry","750ml","SEK","249","249","1","1","0","2023","Rust en Vrede Cabernet Sauvignon Estate Vineyards","South Africa, Coastal Region, Stellenbosch","Rust en Vrede","Cabernet Sauvignon","Cabernet Sauvignon","Estate Vineyards","Unknown","South Africa","Coastal Region","Stellenbosch","Stellenbosch","9999","9999","Community Average","2","1","","","","4","","","","","","","","","","","","","","","","","","","","","","","","","","",""
"4672627","Red","Red","Dry","750ml","SEK","151","151","1","1","0","2022","Saint Cosme Côtes du Rhône","France, Rhône, Southern Rhône, Côtes du Rhône","Saint Cosme","Syrah","Syrah","Unknown","Unknown","France","Rhône","Southern Rhône","Côtes du Rhône","9999","9999","Community Average","58","0,931034482758621","","","","88","","","","","","","","","","","","","","","","","","","","","","","","","","",""
"3642917","Red","Red","Dry","750ml","SEK","219","219","1","1","0","2019","Tenuta San Guido Le Difese Toscana IGT","Italy, Tuscany, Toscana IGT","Tenuta San Guido","SuperTuscan Blend","SuperTuscan Blend","Le Difese","Unknown","Italy","Tuscany","Unknown","Toscana IGT","9999","9999","Community Average","30","0,866666666666667","","","","43","","","","","","","","","","","","","","","","","","","","","","","","","","",""
"4890040","White","White","Dry","750ml","SEK","299","299","1","1","0","2023","Sandhi Wines Chardonnay Central Coast","USA, California, Central Coast","Sandhi Wines","Chardonnay","Chardonnay","Unknown","Unknown","USA","California","Central Coast","Central Coast","9999","9999","Community Average","8","1","","","","11","","","","","","","","","","","","","","","","","","","","","","","","","","",""
"5049327","White","White","Dry","750ml","SEK","415","415","1","1","0","2022","Sandhi Wines Chardonnay Sta. Rita Hills","USA, California, Central Coast, Sta. Rita Hills","Sandhi Wines","Chardonnay","Chardonnay","Unknown","Unknown","USA","California","Central Coast","Sta. Rita Hills","9999","9999","Community Average","35","0,971428571428571","","","","41","","","","","","","","","","","","","","","","","","","","","","","","","","",""
"4554884","Red","Red","Dry","750ml","SEK","249","249","2","2","0","2020","Michele Satta Bolgheri Diambra","Italy, Tuscany, Bolgheri","Michele Satta","SuperTuscan Blend","SuperTuscan Blend","Diambra","Unknown","Italy","Tuscany","Bolgheri","Bolgheri","9999","9999","Community Average","0","","","","","0","","","","","","","","","","","","","","","","","","","","","","","","","","",""
"3714448","Red","Red","Dry","750ml","SEK","299","299","1","1","0","2017","Michele Satta Bolgheri Superiore Piastraia","Italy, Tuscany, Bolgheri, Bolgheri Superiore","Michele Satta","SuperTuscan Blend","SuperTuscan Blend","Piastraia","Unknown","Italy","Tuscany","Bolgheri","Bolgheri Superiore","9999","9999","Community Average","6","1","","","","10","","","","","","","","","","","","","","","","","","","","","","","","","","",""
"3977551","Red","Red","Dry","750ml","SEK","299","299","1","1","0","2019","Savage Wines Red Blend","South Africa, Western Cape","Savage Wines","Syrah Blend","Syrah","Red Blend","Unknown","South Africa","Western Cape","Unknown","Unknown","9999","9999","Community Average","6","1","","","","11","","","","","","","","","","","","","","","","","","","","","","","","","","",""
"4076833","White","White","Dry","750ml","SEK","299","299","1","1","0","2020","Savage Wines White Blend","South Africa, Western Cape","Savage Wines","Sémillon-Sauvignon Blanc Blend","Sémillon-Sauvignon Blanc Blend","White Blend","Unknown","South Africa","Western Cape","Unknown","Unknown","9999","9999","Community Average","5","0,8","","","","5","","","","","","","","","","","","","","","","","","","","","","","","","","",""
"5026909","Rosé","Rosé","Dry","750ml","SEK","0","0","1","1","0","2023","Schloss Gobelsburg Zweigelt Rosé Domæne","Austria, Niederösterreich, Kamptal","Schloss Gobelsburg","Zweigelt","Zweigelt","Rosé Domæne","Unknown","Austria","Niederösterreich","Kamptal","Unknown","9999","9999","Community Average","0","","","","","1","","","","","","","","","","","","","","","","","","","","","","","","","","",""
"1843163","White - Off-dry","White","Dry","750ml","SEK","0","0","1","1","0","2013","Schloss Saarstein Serriger Schloss Saarsteiner Riesling Spätlese","Germany, Mosel Saar Ruwer","Schloss Saarstein","Riesling","Riesling","Spätlese","Serriger Schloss Saarsteiner","Germany","Mosel Saar Ruwer","Unknown","Unknown","9999","9999","Community Average","0","","","","","1","","","","","","","","","","","","","","","","","","","","","","","","","","",""
"3023564","White - Off-dry","White","Dry","750ml","SEK","390","390","1","1","0","2017","Selbach-Oster Zeltinger Schlossberg Riesling Auslese 'Schmitt'","Germany, Mosel Saar Ruwer","Selbach-Oster","Riesling","Riesling","Auslese 'Schmitt'","Zeltinger Schlossberg","Germany","Mosel Saar Ruwer","Unknown","Unknown","9999","9999","Community Average","2","1","","","","7","","","","","","","","","","","","","","","","","","","","","","","","","","",""
"5318656","White","White","Dry","750ml","SEK","239","239","2","2","0","2024","Shaw and Smith Chardonnay M3 Vineyard","Australia, South Australia, Mount Lofty Ranges, Adelaide Hills","Shaw and Smith","Chardonnay","Chardonnay","Unknown","M3 Vineyard","Australia","South Australia","Mount Lofty Ranges","Adelaide Hills","9999","9999","Community Average","11","1","","","","13","","","","","","","","","","","","","","","","","","","","","","","","","","",""
"4083607","White","White","Dry","750ml","SEK","379","379","1","1","0","2019","SIXTO Chardonnay Uncovered","USA, Washington","SIXTO","Chardonnay","Chardonnay","Uncovered","Unknown","USA","Washington","Unknown","Washington","9999","9999","Community Average","21","0,80952380952381","","","","23","","","","","","","","","","","","","","","","","","","","","","","","","","",""
"2380429","Red","Red","Dry","750ml","SEK","189","189","1","1","0","2013","La Spinetta (Rivetti) Langhe Nebbiolo","Italy, Piedmont, Langhe, Langhe DOC","La Spinetta (Rivetti)","Nebbiolo","Nebbiolo","Unknown","Unknown","Italy","Piedmont","Langhe","Langhe DOC","9999","9999","Community Average","17","0,941176470588235","","","","37","","","","","","","","","","","","","","","","","","","","","","","","","","",""
"4376913","White","White","Dry","750ml","SEK","299","299","1","1","0","2020","Sumaridge Chardonnay","South Africa, Cape South Coast, Walker Bay","Sumaridge","Chardonnay","Chardonnay","Unknown","Unknown","South Africa","Cape South Coast","Walker Bay","Unknown","9999","9999","Community Average","1","1","","","","3","","","","","","","","","","","","","","","","","","","","","","","","","","",""
"5317396","Red","Red","Dry","750ml","SEK","259","259","1","1","0","2024","Thistledown Grenache The Vagabond Old Vine Blewitt Springs","Australia, South Australia, Fleurieu, McLaren Vale","Thistledown","Grenache","Grenache","The Vagabond Old Vine","Blewitt Springs","Australia","South Australia","Fleurieu","McLaren Vale","9999","9999","Community Average","4","1","","","","3","","","","","","","","","","","","","","","","","","","","","","","","","","",""
"4643011","Red","Red","Dry","750ml","SEK","0","0","1","1","0","2021","Thymiopoulos Xinomavro Haggan","Greece, Macedonia","Thymiopoulos","Xinomavro","Xinomavro","Haggan","Unknown","Greece","Macedonia","Unknown","Unknown","9999","9999","Community Average","3","1","","","","5","","","","","","","","","","","","","","","","","","","","","","","","","","",""
"1502387","White","White","Dry","750ml","SEK","0","0","1","1","0","2011","Trimbach Pinot Gris Réserve Personnelle","France, Alsace","Trimbach","Pinot Gris","Pinot Gris","Réserve Personnelle","Unknown","France","Alsace","Unknown","Alsace","9999","9999","Community Average","5","1","","","","15","","","","","","","","","","","","","","","","","","","","","","","","","","",""
"5702765","White","White","Dry","750ml","SEK","215","215","2","2","0","2024","Domaine Trouillet Mâcon-Vinzelles Les Morandes","France, Burgundy, Mâconnais, Mâcon-Vinzelles","Domaine Trouillet","Chardonnay","Chardonnay","Unknown","Les Morandes","France","Burgundy","Mâconnais","Mâcon-Vinzelles","9999","9999","Community Average","4","1","","","","2","","","","","","","","","","","","","","","","","","","","","","","","","","",""
"2970931","White","White","Dry","750ml","SEK","289","289","1","1","0","2016","Vie di Romans Sauvignon Blanc Vieris","Italy, Friuli-Venezia Giulia, Friuli Isonzo","Vie di Romans","Sauvignon Blanc","Sauvignon Blanc","Unknown","Vieris","Italy","Friuli-Venezia Giulia","Unknown","Friuli Isonzo","9999","9999","Community Average","5","1","","","","23","","","","","","","","","","","","","","","","","","","","","","","","","","",""
"3361938","Red","Red","Dry","750ml","SEK","0","0","1","1","0","2015","Château Vignelaure Coteaux d'Aix-en-Provence Rouge","France, Provence, Coteaux d'Aix-en-Provence","Château Vignelaure","Red Blend","Red Blend","Rouge","Unknown","France","Provence","Unknown","Coteaux d'Aix-en-Provence","9999","9999","Community Average","9","1","","","","19","","","","","","","","","","","","","","","","","","","","","","","","","","",""
"3486175","White","White","Dry","750ml","SEK","299","299","1","1","0","2018","François Villard Saint-Joseph Mairlant Blanc","France, Rhône, Northern Rhône, Saint-Joseph","François Villard","White Rhone Blend","White Rhone Blend","Mairlant Blanc","Unknown","France","Rhône","Northern Rhône","Saint-Joseph","9999","9999","Community Average","3","1","","","","4","","","","","","","","","","","","","","","","","","","","","","","","","","",""
"5571704","White","White","Dry","750ml","SEK","250","250","1","1","0","2023","Vina Somoza Godello AS 2 Ladeiras Selección","Spain, Galicia, Valdeorras","Vina Somoza","Godello","Godello","AS 2 Ladeiras Selección","Unknown","Spain","Galicia","Unknown","Valdeorras","9999","9999","Community Average","0","","","","","0","","","","","","","","","","","","","","","","","","","","","","","","","","",""
"5160372","White","White","Dry","750ml","SEK","189","189","3","3","0","2020","Viños Lopez Garnacha Blanca La Bodegaza","Spain, Aragón, Vino de la Tierra Valdejalón","Viños Lopez","Garnacha Blanca","Grenache","Unknown","La Bodegaza","Spain","Aragón","Unknown","Vino de la Tierra Valdejalón","9999","9999","Community Average","2","1","","","","0","","","","","","","","","","","","","","","","","","","","","","","","","","",""
"4461861","White","White","Dry","750ml","SEK","229","229","1","1","0","2020","Wessels Family Restless River Chardonnay Ava Marie","South Africa, Cape South Coast, Walker Bay, Hemel-en-Aarde Valley","Wessels Family Restless River","Chardonnay","Chardonnay","Ava Marie","Unknown","South Africa","Cape South Coast","Walker Bay","Hemel-en-Aarde Valley","9999","9999","Community Average","8","0,875","","","","15","","","","","","","","","","","","","","","","","","","","","","","","","","",""
"5159493","White","White","Dry","750ml","SEK","349","349","1","1","0","2023","White Walnut Estate Chardonnay","USA, Oregon, Willamette Valley, Dundee Hills","White Walnut Estate","Chardonnay","Chardonnay","Unknown","Unknown","USA","Oregon","Willamette Valley","Dundee Hills","9999","9999","Community Average","8","0,875","","","","5","","","","","","","","","","","","","","","","","","","","","","","","","","",""
"4217795","Red","Red","Dry","750ml","SEK","299","299","1","1","0","2019","Wine Thief Mourvèdre","South Africa, Cape South Coast, Walker Bay, Bot River","Wine Thief","Mourvèdre","Mourvèdre","Unknown","Unknown","South Africa","Cape South Coast","Walker Bay","Bot River","9999","9999","Community Average","1","1","","","","1","","","","","","","","","","","","","","","","","","","","","","","","","","",""
"5401564","White","White","Dry","750ml","SEK","199","199","1","1","0","2024","Zarate Albariño Rías Baixas","Spain, Galicia, Rías Baixas","Zarate","Albariño","Albariño","Unknown","Unknown","Spain","Galicia","Unknown","Rías Baixas","9999","9999","Community Average","10","1","","","","6","","","","","","","","","","","","","","","","","","","","","","","","","","",""
"3700415","White","White","Dry","750ml","SEK","217,423","217,423","1","1","0","2018","Zarate Albariño Rías Baixas Tras da Viña","Spain, Galicia, Rías Baixas","Zarate","Albariño","Albariño","Unknown","Tras da Viña","Spain","Galicia","Unknown","Rías Baixas","9999","9999","Community Average","14","1","","","","16","","","","","","","","","","","","","","","","","","","","","","","","","","",""
"5384110","White","White","Dry","750ml","SEK","199","199","1","1","0","2024","Zarate Albariño Rías Baixas Val do Salnés","Spain, Galicia, Rías Baixas","Zarate","Albariño","Albariño","Unknown","Val do Salnés","Spain","Galicia","Unknown","Rías Baixas","9999","9999","Community Average","21","1","","","","12","","","","","","","","","","","","","","","","","","","","","","","","","","",""
"3281794","White","White","Dry","750ml","SEK","249","249","1","1","0","2017","Zind-Humbrecht Riesling Herrenweg de Turckheim","France, Alsace","Zind-Humbrecht","Riesling","Riesling","Unknown","Herrenweg de Turckheim","France","Alsace","Unknown","Alsace","9999","9999","Community Average","4","1","","","","20","","","","","","","","","","","","","","","","","","","","","","","","","","",""
